{
    "tm": 1737718604,
    "events": [
        {
            "i": 28487059,
            "t": "m",
            "d": {
                "t": 1737718602,
                "f": 7,
                "tp": "ud",
                "pos": {
                    "y": 66.0240933333,
                    "x": 60.0725266667,
                    "c": 209,
                    "z": 60.5,
                    "s": 0,
                    "sc": 15
                },
                "i": 0,
                "o": 0,
                "lc": 6496642,
                "rt": 1737718604,
                "p": {
                    "msg_type": "C",
                    "proto": "FLEX3.0",
                    "msg_number": 0,
                    "event_code": 65280,
                    "status": 0,
                    "modules_st": 41,
                    "modules_st2": 8,
                    "gsm": 17,
                    "last_valid_time": 1737718602,
                    "nav_rcvr_state": 1,
                    "valid_nav": 1,
                    "sats": 15,
                    "mileage": 19263.2988281,
                    "pwr_ext": 0,
                    "pwr_int": 4.433,
                    "adc3": 0.08,
                    "engine_hours": 0,
                    "hdop": 0.6,
                    "pdop": 1,
                    "cell_id": 1872,
                    "lac": 37009,
                    "mcc": 250,
                    "mnc": 20,
                    "rx_level": 179,
                    "cell_id1": 1243,
                    "lac1": 37009,
                    "mcc1": 250,
                    "mnc1": 20,
                    "rx_level1": 169,
                    "cell_id2": 1203,
                    "lac2": 37009,
                    "mcc2": 250,
                    "mnc2": 20,
                    "rx_level2": 166,
                    "lbs_time": 1737718534,
                    "connection_st": 9,
                    "accel_st": 0
                }
            }
        },
        {
            "i": 28487059,
            "t": "u",
            "d": {
                "prms": {
                    "msg_type": 1737718602,
                    "proto": 1737718602,
                    "msg_number": 1737718602,
                    "event_code": 1737718602,
                    "status": 1737718602,
                    "modules_st": 1737718602,
                    "modules_st2": 1737718602,
                    "gsm": 1737718602,
                    "last_valid_time": {
                        "v": 1737718602,
                        "ct": 1737718602,
                        "at": 1737718602
                    },
                    "nav_rcvr_state": 1737718602,
                    "valid_nav": 1737718602,
                    "sats": {
                        "v": 15,
                        "ct": 1737718602,
                        "at": 1737718602
                    },
                    "speed": 1737718602,
                    "posinfo": {
                        "v": {
                            "y": 66.0240933333,
                            "x": 60.0725266667,
                            "z": 60.5,
                            "c": 209,
                            "sc": 15
                        },
                        "ct": 1737718602,
                        "at": 1737718602
                    },
                    "mileage": 1737718602,
                    "pwr_ext": 1737718602,
                    "pwr_int": 1737718602,
                    "adc3": 1737718602,
                    "out": 1737718602,
                    "out1": 1737718602,
                    "out2": 1737718602,
                    "out3": 1737718602,
                    "out4": 1737718602,
                    "out5": 1737718602,
                    "out6": 1737718602,
                    "out7": 1737718602,
                    "out8": 1737718602,
                    "out9": 1737718602,
                    "out10": 1737718602,
                    "out11": 1737718602,
                    "out12": 1737718602,
                    "out13": 1737718602,
                    "out14": 1737718602,
                    "out15": 1737718602,
                    "out16": 1737718602,
                    "out17": 1737718602,
                    "out18": 1737718602,
                    "out19": 1737718602,
                    "out20": 1737718602,
                    "out21": 1737718602,
                    "out22": 1737718602,
                    "out23": 1737718602,
                    "out24": 1737718602,
                    "out25": 1737718602,
                    "out26": 1737718602,
                    "out27": 1737718602,
                    "out28": 1737718602,
                    "out29": 1737718602,
                    "out30": 1737718602,
                    "out31": 1737718602,
                    "out32": 1737718602,
                    "engine_hours": 1737718602,
                    "hdop": {
                        "v": 0.6,
                        "ct": 1737718602,
                        "at": 1737718602
                    },
                    "pdop": {
                        "v": 1,
                        "ct": 1737718602,
                        "at": 1737718602
                    },
                    "cell_id": 1737718602,
                    "lac": 1737718602,
                    "mcc": 1737718602,
                    "mnc": 1737718602,
                    "rx_level": 1737718602,
                    "cell_id1": 1737718602,
                    "lac1": 1737718602,
                    "mcc1": 1737718602,
                    "mnc1": 1737718602,
                    "rx_level1": 1737718602,
                    "cell_id2": 1737718602,
                    "lac2": 1737718602,
                    "mcc2": 1737718602,
                    "mnc2": 1737718602,
                    "rx_level2": 1737718602,
                    "lbs_time": 1737718602,
                    "connection_st": 1737718602,
                    "accel_st": 1737718602,
                    "in": 1737718602,
                    "in1": 1737718602,
                    "in2": 1737718602,
                    "in3": 1737718602,
                    "in4": 1737718602,
                    "in5": 1737718602,
                    "in6": 1737718602,
                    "in7": 1737718602,
                    "in8": 1737718602,
                    "in9": 1737718602,
                    "in10": 1737718602,
                    "in11": 1737718602,
                    "in12": 1737718602,
                    "in13": 1737718602,
                    "in14": 1737718602,
                    "in15": 1737718602,
                    "in16": 1737718602,
                    "in17": 1737718602,
                    "in18": 1737718602,
                    "in19": 1737718602,
                    "in20": 1737718602,
                    "in21": 1737718602,
                    "in22": 1737718602,
                    "in23": 1737718602,
                    "in24": 1737718602,
                    "in25": 1737718602,
                    "in26": 1737718602,
                    "in27": 1737718602,
                    "in28": 1737718602,
                    "in29": 1737718602,
                    "in30": 1737718602,
                    "in31": 1737718602,
                    "in32": 1737718602
                }
            }
        }
    ]
}